{
  "config": {
    "candleFile": "tuning/seg_1_range.json",
    "minConfidence": 35,
    "stopLoss": 1.5,
    "takeProfit": 2,
    "tiers": [
      0.007,
      0.01,
      0.015
    ],
    "feesPct": 0,
    "enableShorts": false,
    "minConfluence": 1
  },
  "summary": {
    "initialBalance": 10000,
    "finalBalance": 9997.74306393131,
    "totalReturn": -0.022569360686902656,
    "candlesProcessed": 2000
  },
  "metrics": {
    "totalTrades": 20,
    "winningTrades": 14,
    "losingTrades": 6,
    "winRate": 70,
    "totalPnL": -0.5562855325762738,
    "maxDrawdown": 0.2008677405218623,
    "avgMFE": 0.6191684198975985,
    "avgMAE": -0.6998236457537707,
    "givebackRate": 5,
    "timeInMarketPct": 6.55327663831916,
    "exposureAdjReturn": -0.34439810697036954,
    "entrySignals": 54
  },
  "strategyBreakdown": {
    "MADynamicSR": {
      "trades": 5,
      "wins": 2,
      "pnl": -2.623880141215053
    },
    "RSI": {
      "trades": 11,
      "wins": 8,
      "pnl": -0.7063747897658038
    },
    "EMASMACrossover": {
      "trades": 4,
      "wins": 4,
      "pnl": 2.7739693984045832
    }
  },
  "exitBreakdown": {
    "max_hold": {
      "count": 5,
      "pnl": -0.6894684331696392
    },
    "stop_loss": {
      "count": 4,
      "pnl": -10.106533001208405
    },
    "profit_tier_1": {
      "count": 11,
      "pnl": 10.239715901801771
    }
  },
  "trades": [
    {
      "direction": "buy",
      "strategyName": "MADynamicSR",
      "entryPrice": 45525.34,
      "exitPrice": 45104.405,
      "pnlPercent": -0.9246169276275535,
      "grossPnlPercent": -0.9246169276275535,
      "pnlDollars": -3.698467710510215,
      "feeDollars": 0,
      "reason": "max_hold",
      "entryTime": 1704200400000,
      "exitTime": 1704211200000,
      "holdDuration": 10800000,
      "mfe": 0.6520764040422337,
      "mae": -1.0537845516365043,
      "confidence": 9395.824780855362
    },
    {
      "direction": "buy",
      "strategyName": "RSI",
      "entryPrice": 43731.245,
      "exitPrice": 41938.8795,
      "pnlPercent": -4.098592436597677,
      "grossPnlPercent": -4.098592436597677,
      "pnlDollars": -16.388306341676582,
      "feeDollars": 0,
      "reason": "stop_loss",
      "entryTime": 1704282300000,
      "exitTime": 1704283200000,
      "holdDuration": 900000,
      "mfe": 0,
      "mae": -4.098592436597677,
      "confidence": 4172.986767450146
    },
    {
      "direction": "buy",
      "strategyName": "RSI",
      "entryPrice": 41938.8795,
      "exitPrice": 42404.6725,
      "pnlPercent": 1.1106472217503995,
      "grossPnlPercent": 1.1106472217503995,
      "pnlDollars": 4.433665159083603,
      "feeDollars": 0,
      "reason": "profit_tier_1",
      "entryTime": 1704283200000,
      "exitTime": 1704284100000,
      "holdDuration": 900000,
      "mfe": 1.1106472217503995,
      "mae": 0,
      "confidence": 7359.711282330934
    },
    {
      "direction": "buy",
      "strategyName": "RSI",
      "entryPrice": 42404.6725,
      "exitPrice": 42816.8915,
      "pnlPercent": 0.9721074959369096,
      "grossPnlPercent": 0.9721074959369096,
      "pnlDollars": 3.8823433819517277,
      "feeDollars": 0,
      "reason": "profit_tier_1",
      "entryTime": 1704284100000,
      "exitTime": 1704285900000,
      "holdDuration": 1800000,
      "mfe": 0.9721074959369096,
      "mae": -0.41191804983283525,
      "confidence": 4107.845731594091
    },
    {
      "direction": "buy",
      "strategyName": "MADynamicSR",
      "entryPrice": 43487.275,
      "exitPrice": 43859.3835,
      "pnlPercent": 0.855672147771968,
      "grossPnlPercent": 0.855672147771968,
      "pnlDollars": 3.4186598246055837,
      "feeDollars": 0,
      "reason": "profit_tier_1",
      "entryTime": 1704378600000,
      "exitTime": 1704380400000,
      "holdDuration": 1800000,
      "mfe": 0.855672147771968,
      "mae": 0,
      "confidence": 8672.065183011568
    },
    {
      "direction": "buy",
      "strategyName": "EMASMACrossover",
      "entryPrice": 44650.816,
      "exitPrice": 45153.6945,
      "pnlPercent": 1.1262470544771208,
      "grossPnlPercent": 1.1262470544771208,
      "pnlDollars": 4.5012256041372325,
      "feeDollars": 0,
      "reason": "profit_tier_1",
      "entryTime": 1704714300000,
      "exitTime": 1704715200000,
      "holdDuration": 900000,
      "mfe": 1.1262470544771208,
      "mae": 0,
      "confidence": 3660.655737704918
    },
    {
      "direction": "buy",
      "strategyName": "RSI",
      "entryPrice": 44699.122,
      "exitPrice": 45097.829,
      "pnlPercent": 0.8919794889930832,
      "grossPnlPercent": 0.8919794889930832,
      "pnlDollars": 3.5665439935531253,
      "feeDollars": 0,
      "reason": "profit_tier_1",
      "entryTime": 1704890700000,
      "exitTime": 1704891600000,
      "holdDuration": 900000,
      "mfe": 0.8919794889930832,
      "mae": 0,
      "confidence": 4198.129458266294
    },
    {
      "direction": "buy",
      "strategyName": "EMASMACrossover",
      "entryPrice": 46421.55,
      "exitPrice": 46918.605,
      "pnlPercent": 1.07074192912559,
      "grossPnlPercent": 1.07074192912559,
      "pnlDollars": 4.282845936273475,
      "feeDollars": 0,
      "reason": "profit_tier_1",
      "entryTime": 1704924900000,
      "exitTime": 1704926700000,
      "holdDuration": 1800000,
      "mfe": 1.07074192912559,
      "mae": 0,
      "confidence": 3970.4918032786886
    },
    {
      "direction": "buy",
      "strategyName": "RSI",
      "entryPrice": 44522.48,
      "exitPrice": 43529.9,
      "pnlPercent": -2.229390635921453,
      "grossPnlPercent": -2.229390635921453,
      "pnlDollars": -8.921128239850361,
      "feeDollars": 0,
      "reason": "stop_loss",
      "entryTime": 1705073400000,
      "exitTime": 1705077000000,
      "holdDuration": 3600000,
      "mfe": 0,
      "mae": -2.229390635921453,
      "confidence": 3569.4363123672915
    },
    {
      "direction": "buy",
      "strategyName": "RSI",
      "entryPrice": 43529.9,
      "exitPrice": 43899.53,
      "pnlPercent": 0.8491404758568188,
      "grossPnlPercent": 0.8491404758568188,
      "pnlDollars": 3.3948899056175605,
      "feeDollars": 0,
      "reason": "profit_tier_1",
      "entryTime": 1705077000000,
      "exitTime": 1705091400000,
      "holdDuration": 14400000,
      "mfe": 0.8491404758568188,
      "mae": -0.5904883769547008,
      "confidence": 6343.720050731956
    },
    {
      "direction": "buy",
      "strategyName": "RSI",
      "entryPrice": 41884.1,
      "exitPrice": 42298.791,
      "pnlPercent": 0.9900917054443068,
      "grossPnlPercent": 0.9900917054443068,
      "pnlDollars": 3.9597617852560916,
      "feeDollars": 0,
      "reason": "profit_tier_1",
      "entryTime": 1705097700000,
      "exitTime": 1705098600000,
      "holdDuration": 900000,
      "mfe": 0.9900917054443068,
      "mae": 0,
      "confidence": 3524.813792005308
    },
    {
      "direction": "buy",
      "strategyName": "RSI",
      "entryPrice": 42231.07,
      "exitPrice": 42526.7,
      "pnlPercent": 0.7000296227398392,
      "grossPnlPercent": 0.7000296227398392,
      "pnlDollars": 2.8007994891003136,
      "feeDollars": 0,
      "reason": "profit_tier_1",
      "entryTime": 1705266900000,
      "exitTime": 1705268700000,
      "holdDuration": 1800000,
      "mfe": 0.7000296227398392,
      "mae": 0,
      "confidence": 3931.596539018244
    },
    {
      "direction": "buy",
      "strategyName": "RSI",
      "entryPrice": 41710.475,
      "exitPrice": 42017.4065,
      "pnlPercent": 0.7358619147827945,
      "grossPnlPercent": 0.7358619147827945,
      "pnlDollars": 2.944987916073046,
      "feeDollars": 0,
      "reason": "profit_tier_1",
      "entryTime": 1705275900000,
      "exitTime": 1705276800000,
      "holdDuration": 900000,
      "mfe": 0.7358619147827945,
      "mae": 0,
      "confidence": 4454.895080454207
    },
    {
      "direction": "buy",
      "strategyName": "EMASMACrossover",
      "entryPrice": 42791.05,